{"cameraMode":{"drawMode":0,"name":"Shaded","section":"Shading Mode"},"sceneLighting":true,"audioPlay":false,"sceneViewState":{"showFog":false,"showMaterialUpdate":false,"showSkybox":false,"showFlares":false,"showImageEffects":false,"showParticleSystems":false},"in2DMode":false,"pivot":{"x":262.79376220703127,"y":770.0313720703125,"z":-27.706809997558595},"rotation":{"x":0.21782463788986207,"y":0.34260091185569765,"z":-0.08199026435613632,"w":0.9101967811584473},"size":1196.567626953125,"orthographic":true}